{"schemaVersion":"1.0","appDefinitionTemplate":{"id":"/providers/Microsoft.PowerApps/apps/","type":"Microsoft.PowerApps/apps","tags":{"primaryDeviceWidth":"1920","primaryDeviceHeight":"1080","supportsPortrait":"true","supportsLandscape":"true","primaryFormFactor":"Tablet","showStatusBar":"false","publisherVersion":"3.25024.7","minimumRequiredApiVersion":"2.2.0","hasComponent":"false","hasUnlockedComponent":"false","isUnifiedRootApp":"false","sienaVersion":"20250308T064534Z-3.25024.7.0"},"properties":{"appVersion":"2025-03-08T06:45:34Z","lifeCycleId":"Published","createdByClientVersion":{"major":3,"minor":25024,"build":7,"revision":0,"majorRevision":0,"minorRevision":0},"minClientVersion":{"major":3,"minor":25024,"build":7,"revision":0,"majorRevision":0,"minorRevision":0},"backgroundColor":"RGBA(0,176,240,1)","backgroundImageUri":"/1649752615368698443/Nbcd8c197-9fba-4c78-9472-bffd5c500f63-logoSmallFile","displayName":"GesConvEs","description":"Registro y gestión de Incidencias de Convivencia en un centro educativo","commitMessage":"","appUris":{"documentUri":{"value":"/1649752615368698443/N57032bab-54bb-482f-8252-d4e3039f342b-document.msapp"},"imageUris":[],"additionalUris":[{"isSolutionAware":false,"value":"/1649752615368698443/N889caaf0-9123-4780-bc1b-2d9773eeb5f0-identity.json"}]},"createdTime":"0001-01-01T00:00:00Z","lastModifiedTime":"0001-01-01T00:00:00Z","sharedGroupsCount":0,"sharedUsersCount":0,"connectionReferences":{"a3fb5339-6471-4a77-8992-336f4899adb0":{"id":"cf469a33-93bf-482d-af30-1f6335053bc9","displayName":"SharePoint","iconUri":"https://conn-afd-prod-endpoint-bmc9bqahasf3grgk.b01.azurefd.net/releases/v1.0.1732/1.0.1732.4070/sharepointonline/icon.png","dataSources":["Aulas","Actuaciones_Inmediatas","Alumnos","Incidencias","Incumplimientos","Medidas_Correctoras","Profesores"],"dependencies":[],"dependents":[],"parameterHints":{},"parameterHintsV2":{},"isOnPremiseConnection":false,"bypassConsent":false,"dataSets":{"https://santoangeleducerepalencia.sharepoint.com/sites/GESCONVES":{"dataSources":{"Aulas":{"tableName":"c0831237-15aa-4798-86af-df146d224f1f"},"Actuaciones_Inmediatas":{"tableName":"dbdfdcbe-aa1f-483b-ac93-99567f90e300"},"Alumnos":{"tableName":"641fa4ad-22f1-4487-9b11-c3825ff25ced"},"Incidencias":{"tableName":"f7b2c34f-e4d3-4e74-beca-d0445a1fe537"},"Incumplimientos":{"tableName":"1ec61cf0-cb36-41fb-8819-75b9facac57e"},"Medidas_Correctoras":{"tableName":"9701947c-b0d6-4d8c-8176-21501702f9ec"},"Profesores":{"tableName":"c5ef2b0d-ea13-4436-b573-0d521b87fcda"}}}},"apiTier":"Standard","isCustomApiConnection":false,"actions":["providers/PowerPlatform.Governance/Operations/Read","providers/PowerPlatform.Governance/Operations/Write","providers/PowerPlatform.Governance/Operations/Delete"]},"4673a354-5f35-4f74-9d7c-468d6c9378d4":{"id":"0cb90536-9089-44d1-b33d-64de9b843b02","displayName":"Office 365 Outlook","iconUri":"https://connectoricons-prod.azureedge.net/releases/v1.0.1722/1.0.1722.3975/office365/icon.png","dataSources":["Office365Outlook"],"dependencies":[],"dependents":[],"parameterHints":{},"parameterHintsV2":{},"isOnPremiseConnection":false,"bypassConsent":false,"dataSets":{},"apiTier":"Standard","isCustomApiConnection":false,"actions":["SendEmailV2"]}},"databaseReferences":{},"almMode":"Environment","performanceOptimizationEnabled":false,"canConsumeAppPass":false,"enableModernRuntimeMode":false,"executionRestrictions":{"isTeamsOnly":false,"dataLossPreventionEvaluationResult":{"status":"Compliant","lastEvaluationDate":"2025-02-03T19:16:02.7655469Z","violations":[],"violationsByPolicy":[],"violationErrorMessage":"La aplicación usa los siguientes conectores: shared_sharepointonline."}}},"isAppComponentLibrary":false,"appType":"ClassicCanvasApp","appComponents":[]}}